CREATE DATABASE  IF NOT EXISTS `saep` /*!40100 DEFAULT CHARACTER SET utf8mb4 COLLATE utf8mb4_0900_ai_ci */ /*!80016 DEFAULT ENCRYPTION='N' */;
USE `saep`;
-- MySQL dump 10.13  Distrib 8.0.34, for Win64 (x86_64)
--
-- Host: localhost    Database: saep
-- ------------------------------------------------------
-- Server version	8.0.34

/*!40101 SET @OLD_CHARACTER_SET_CLIENT=@@CHARACTER_SET_CLIENT */;
/*!40101 SET @OLD_CHARACTER_SET_RESULTS=@@CHARACTER_SET_RESULTS */;
/*!40101 SET @OLD_COLLATION_CONNECTION=@@COLLATION_CONNECTION */;
/*!50503 SET NAMES utf8 */;
/*!40103 SET @OLD_TIME_ZONE=@@TIME_ZONE */;
/*!40103 SET TIME_ZONE='+00:00' */;
/*!40014 SET @OLD_UNIQUE_CHECKS=@@UNIQUE_CHECKS, UNIQUE_CHECKS=0 */;
/*!40014 SET @OLD_FOREIGN_KEY_CHECKS=@@FOREIGN_KEY_CHECKS, FOREIGN_KEY_CHECKS=0 */;
/*!40101 SET @OLD_SQL_MODE=@@SQL_MODE, SQL_MODE='NO_AUTO_VALUE_ON_ZERO' */;
/*!40111 SET @OLD_SQL_NOTES=@@SQL_NOTES, SQL_NOTES=0 */;

--
-- Table structure for table `comentario`
--

DROP TABLE IF EXISTS `comentario`;
/*!40101 SET @saved_cs_client     = @@character_set_client */;
/*!50503 SET character_set_client = utf8mb4 */;
CREATE TABLE `comentario` (
  `id_comentario` int NOT NULL AUTO_INCREMENT,
  `id` int NOT NULL,
  `id_curso` int NOT NULL,
  `mensagem` text,
  PRIMARY KEY (`id_comentario`),
  KEY `id` (`id`),
  KEY `id_curso` (`id_curso`),
  CONSTRAINT `comentario_ibfk_1` FOREIGN KEY (`id`) REFERENCES `usuario` (`id`) ON DELETE CASCADE,
  CONSTRAINT `comentario_ibfk_2` FOREIGN KEY (`id_curso`) REFERENCES `curso` (`id_curso`) ON DELETE CASCADE
) ENGINE=InnoDB AUTO_INCREMENT=35 DEFAULT CHARSET=utf8mb4 COLLATE=utf8mb4_0900_ai_ci;
/*!40101 SET character_set_client = @saved_cs_client */;

--
-- Dumping data for table `comentario`
--

LOCK TABLES `comentario` WRITE;
/*!40000 ALTER TABLE `comentario` DISABLE KEYS */;
INSERT INTO `comentario` VALUES (1,1,1,'thayane'),(2,1,1,'thayane'),(3,1,1,'thayane'),(4,1,1,'oii'),(5,1,1,'oi'),(6,1,2,'o0otki'),(7,1,2,'etayzer'),(8,1,2,'qqq'),(9,1,1,'oi'),(10,1,1,'0i'),(11,1,1,'oo'),(12,1,1,'1fdd'),(13,1,1,'4t'),(14,1,1,'0i'),(15,1,3,'seu'),(16,1,1,'oii'),(17,1,1,'tu'),(18,2,1,'009'),(19,2,1,'099'),(20,2,1,'xh'),(21,1,1,'1'),(22,1,1,'oiu'),(23,1,1,'75'),(24,1,1,'099'),(25,1,1,'00'),(26,1,1,'OII\n'),(27,2,1,'oii'),(28,2,1,'oii\n'),(29,1,1,'Mais um comentário'),(30,1,1,'Olaaaa'),(31,1,1,'099'),(32,1,1,'okns'),(33,1,1,'0ui'),(34,1,1,'rwgze');
/*!40000 ALTER TABLE `comentario` ENABLE KEYS */;
UNLOCK TABLES;

--
-- Table structure for table `curso`
--

DROP TABLE IF EXISTS `curso`;
/*!40101 SET @saved_cs_client     = @@character_set_client */;
/*!50503 SET character_set_client = utf8mb4 */;
CREATE TABLE `curso` (
  `id_curso` int NOT NULL AUTO_INCREMENT,
  `foto` text,
  `nome_curso` text,
  `instituicao` text,
  `empresa_id` int DEFAULT NULL,
  PRIMARY KEY (`id_curso`)
) ENGINE=InnoDB AUTO_INCREMENT=4 DEFAULT CHARSET=utf8mb4 COLLATE=utf8mb4_0900_ai_ci;
/*!40101 SET character_set_client = @saved_cs_client */;

--
-- Dumping data for table `curso`
--

LOCK TABLES `curso` WRITE;
/*!40000 ALTER TABLE `curso` DISABLE KEYS */;
INSERT INTO `curso` VALUES (1,'curso01.png','Inteligencia Artificial',' SENAI-MG',1),(2,'curso02.png','Eletromecânica','SENAI-RJ',1),(3,'curso03.png','Design Gráfico','SENAI-ES',1);
/*!40000 ALTER TABLE `curso` ENABLE KEYS */;
UNLOCK TABLES;

--
-- Table structure for table `empresa`
--

DROP TABLE IF EXISTS `empresa`;
/*!40101 SET @saved_cs_client     = @@character_set_client */;
/*!50503 SET character_set_client = utf8mb4 */;
CREATE TABLE `empresa` (
  `id_empresa` int NOT NULL AUTO_INCREMENT,
  `nome` text,
  `logo` text,
  PRIMARY KEY (`id_empresa`)
) ENGINE=InnoDB AUTO_INCREMENT=2 DEFAULT CHARSET=utf8mb4 COLLATE=utf8mb4_0900_ai_ci;
/*!40101 SET character_set_client = @saved_cs_client */;

--
-- Dumping data for table `empresa`
--

LOCK TABLES `empresa` WRITE;
/*!40000 ALTER TABLE `empresa` DISABLE KEYS */;
INSERT INTO `empresa` VALUES (1,'FaculHub','logo_faculhub.png');
/*!40000 ALTER TABLE `empresa` ENABLE KEYS */;
UNLOCK TABLES;

--
-- Table structure for table `inscricao`
--

DROP TABLE IF EXISTS `inscricao`;
/*!40101 SET @saved_cs_client     = @@character_set_client */;
/*!50503 SET character_set_client = utf8mb4 */;
CREATE TABLE `inscricao` (
  `id` int NOT NULL,
  `id_curso` int NOT NULL,
  `isLike` int DEFAULT NULL,
  `isDeslike` int DEFAULT NULL,
  PRIMARY KEY (`id`,`id_curso`),
  KEY `id_curso` (`id_curso`),
  CONSTRAINT `inscricao_ibfk_1` FOREIGN KEY (`id`) REFERENCES `usuario` (`id`) ON DELETE CASCADE,
  CONSTRAINT `inscricao_ibfk_2` FOREIGN KEY (`id_curso`) REFERENCES `curso` (`id_curso`) ON DELETE CASCADE
) ENGINE=InnoDB DEFAULT CHARSET=utf8mb4 COLLATE=utf8mb4_0900_ai_ci;
/*!40101 SET character_set_client = @saved_cs_client */;

--
-- Dumping data for table `inscricao`
--

LOCK TABLES `inscricao` WRITE;
/*!40000 ALTER TABLE `inscricao` DISABLE KEYS */;
INSERT INTO `inscricao` VALUES (1,1,1,0),(1,2,1,0);
/*!40000 ALTER TABLE `inscricao` ENABLE KEYS */;
UNLOCK TABLES;

--
-- Table structure for table `usuario`
--

DROP TABLE IF EXISTS `usuario`;
/*!40101 SET @saved_cs_client     = @@character_set_client */;
/*!50503 SET character_set_client = utf8mb4 */;
CREATE TABLE `usuario` (
  `id` int NOT NULL AUTO_INCREMENT,
  `nome` text,
  `email` text,
  `nickname` text,
  `senha` bigint DEFAULT NULL,
  `foto` text,
  `createdAt` text,
  `updatedAt` text,
  PRIMARY KEY (`id`)
) ENGINE=InnoDB AUTO_INCREMENT=4 DEFAULT CHARSET=utf8mb4 COLLATE=utf8mb4_0900_ai_ci;
/*!40101 SET character_set_client = @saved_cs_client */;

--
-- Dumping data for table `usuario`
--

LOCK TABLES `usuario` WRITE;
/*!40000 ALTER TABLE `usuario` DISABLE KEYS */;
INSERT INTO `usuario` VALUES (1,'marianavasco','marivasco@usuario.com','marianavasco',123456,'mari_vasco.jpg','2023-06-22 09:13:55','2023-06-22 09:14:55'),(2,'ramielcunha','ramiel@usuario.com','ramielcunha',654321,'ramiel_cunha.jpg','2023-02-22 09:13:55','2023-02-22 09:13:58'),(3,'billjobs','iwindows@usuario.com','billjobs',987654,'bill_jobs.jpg','2023-08-22 09:13:55','2023-08-22 09:15:55');
/*!40000 ALTER TABLE `usuario` ENABLE KEYS */;
UNLOCK TABLES;
/*!40103 SET TIME_ZONE=@OLD_TIME_ZONE */;

/*!40101 SET SQL_MODE=@OLD_SQL_MODE */;
/*!40014 SET FOREIGN_KEY_CHECKS=@OLD_FOREIGN_KEY_CHECKS */;
/*!40014 SET UNIQUE_CHECKS=@OLD_UNIQUE_CHECKS */;
/*!40101 SET CHARACTER_SET_CLIENT=@OLD_CHARACTER_SET_CLIENT */;
/*!40101 SET CHARACTER_SET_RESULTS=@OLD_CHARACTER_SET_RESULTS */;
/*!40101 SET COLLATION_CONNECTION=@OLD_COLLATION_CONNECTION */;
/*!40111 SET SQL_NOTES=@OLD_SQL_NOTES */;

-- Dump completed on 2024-11-21 21:52:50
